Origem,Destino,Dist (KM)
Cidade_001,Cidade_002,37
Cidade_001,Cidade_003,31
Cidade_001,Cidade_004,60
Cidade_001,Cidade_005,39
Cidade_001,Cidade_006,86
Cidade_001,Cidade_007,78
Cidade_001,Cidade_008,63
Cidade_001,Cidade_009,89
Cidade_001,Cidade_010,63
Cidade_001,Cidade_011,14
Cidade_001,Cidade_012,17
Cidade_001,Cidade_013,8
Cidade_001,Cidade_014,90
Cidade_001,Cidade_015,84
Cidade_001,Cidade_016,77
Cidade_001,Cidade_017,53
Cidade_001,Cidade_018,95
Cidade_001,Cidade_019,12
Cidade_001,Cidade_020,58
Cidade_001,Cidade_021,24
Cidade_001,Cidade_022,24
Cidade_001,Cidade_023,6
Cidade_001,Cidade_024,98
Cidade_001,Cidade_025,54
Cidade_001,Cidade_026,96
Cidade_001,Cidade_027,70
Cidade_001,Cidade_028,6
Cidade_001,Cidade_029,31
Cidade_001,Cidade_030,69
Cidade_001,Cidade_031,57
Cidade_001,Cidade_032,89
Cidade_001,Cidade_033,26
Cidade_001,Cidade_034,74
Cidade_001,Cidade_035,3
Cidade_001,Cidade_036,27
Cidade_001,Cidade_037,13
Cidade_001,Cidade_038,44
Cidade_001,Cidade_039,80
Cidade_001,Cidade_040,40
Cidade_001,Cidade_041,9
Cidade_001,Cidade_042,98
Cidade_001,Cidade_043,30
Cidade_001,Cidade_044,38
Cidade_001,Cidade_045,62
Cidade_001,Cidade_046,8
Cidade_001,Cidade_047,14
Cidade_001,Cidade_048,31
Cidade_001,Cidade_049,16
Cidade_001,Cidade_050,84
Cidade_002,Cidade_003,58
Cidade_002,Cidade_004,30
Cidade_002,Cidade_005,78
Cidade_002,Cidade_006,55
Cidade_002,Cidade_007,53
Cidade_002,Cidade_008,53
Cidade_002,Cidade_009,41
Cidade_002,Cidade_010,42
Cidade_002,Cidade_011,86
Cidade_002,Cidade_012,45
Cidade_002,Cidade_013,57
Cidade_002,Cidade_014,61
Cidade_002,Cidade_015,95
Cidade_002,Cidade_016,3
Cidade_002,Cidade_017,57
Cidade_002,Cidade_018,3
Cidade_002,Cidade_019,42
Cidade_002,Cidade_020,80
Cidade_002,Cidade_021,20
Cidade_002,Cidade_022,2
Cidade_002,Cidade_023,48
Cidade_002,Cidade_024,84
Cidade_002,Cidade_025,56
Cidade_002,Cidade_026,42
Cidade_002,Cidade_027,55
Cidade_002,Cidade_028,41
Cidade_002,Cidade_029,59
Cidade_002,Cidade_030,27
Cidade_002,Cidade_031,48
Cidade_002,Cidade_032,29
Cidade_002,Cidade_033,93
Cidade_002,Cidade_034,66
Cidade_002,Cidade_035,59
Cidade_002,Cidade_036,91
Cidade_002,Cidade_037,30
Cidade_002,Cidade_038,87
Cidade_002,Cidade_039,66
Cidade_002,Cidade_040,60
Cidade_002,Cidade_041,93
Cidade_002,Cidade_042,46
Cidade_002,Cidade_043,33
Cidade_002,Cidade_044,39
Cidade_002,Cidade_045,37
Cidade_002,Cidade_046,89
Cidade_002,Cidade_047,64
Cidade_002,Cidade_048,53
Cidade_002,Cidade_049,56
Cidade_002,Cidade_050,85
Cidade_003,Cidade_004,67
Cidade_003,Cidade_005,88
Cidade_003,Cidade_006,100
Cidade_003,Cidade_007,82
Cidade_003,Cidade_008,33
Cidade_003,Cidade_009,69
Cidade_003,Cidade_010,58
Cidade_003,Cidade_011,11
Cidade_003,Cidade_012,33
Cidade_003,Cidade_013,52
Cidade_003,Cidade_014,53
Cidade_003,Cidade_015,29
Cidade_003,Cidade_016,31
Cidade_003,Cidade_017,24
Cidade_003,Cidade_018,43
Cidade_003,Cidade_019,77
Cidade_003,Cidade_020,94
Cidade_003,Cidade_021,28
Cidade_003,Cidade_022,60
Cidade_003,Cidade_023,59
Cidade_003,Cidade_024,63
Cidade_003,Cidade_025,2
Cidade_003,Cidade_026,47
Cidade_003,Cidade_027,95
Cidade_003,Cidade_028,26
Cidade_003,Cidade_029,23
Cidade_003,Cidade_030,9
Cidade_003,Cidade_031,14
Cidade_003,Cidade_032,24
Cidade_003,Cidade_033,82
Cidade_003,Cidade_034,76
Cidade_003,Cidade_035,59
Cidade_003,Cidade_036,51
Cidade_003,Cidade_037,16
Cidade_003,Cidade_038,7
Cidade_003,Cidade_039,60
Cidade_003,Cidade_040,68
Cidade_003,Cidade_041,51
Cidade_003,Cidade_042,65
Cidade_003,Cidade_043,56
Cidade_003,Cidade_044,22
Cidade_003,Cidade_045,80
Cidade_003,Cidade_046,45
Cidade_003,Cidade_047,48
Cidade_003,Cidade_048,42
Cidade_003,Cidade_049,70
Cidade_003,Cidade_050,30
Cidade_004,Cidade_005,3
Cidade_004,Cidade_006,82
Cidade_004,Cidade_007,92
Cidade_004,Cidade_008,64
Cidade_004,Cidade_009,31
Cidade_004,Cidade_010,29
Cidade_004,Cidade_011,81
Cidade_004,Cidade_012,52
Cidade_004,Cidade_013,69
Cidade_004,Cidade_014,92
Cidade_004,Cidade_015,61
Cidade_004,Cidade_016,38
Cidade_004,Cidade_017,22
Cidade_004,Cidade_018,11
Cidade_004,Cidade_019,88
Cidade_004,Cidade_020,64
Cidade_004,Cidade_021,61
Cidade_004,Cidade_022,36
Cidade_004,Cidade_023,12
Cidade_004,Cidade_024,59
Cidade_004,Cidade_025,27
Cidade_004,Cidade_026,29
Cidade_004,Cidade_027,11
Cidade_004,Cidade_028,27
Cidade_004,Cidade_029,88
Cidade_004,Cidade_030,60
Cidade_004,Cidade_031,77
Cidade_004,Cidade_032,69
Cidade_004,Cidade_033,85
Cidade_004,Cidade_034,91
Cidade_004,Cidade_035,58
Cidade_004,Cidade_036,82
Cidade_004,Cidade_037,28
Cidade_004,Cidade_038,24
Cidade_004,Cidade_039,54
Cidade_004,Cidade_040,24
Cidade_004,Cidade_041,95
Cidade_004,Cidade_042,74
Cidade_004,Cidade_043,37
Cidade_004,Cidade_044,25
Cidade_004,Cidade_045,18
Cidade_004,Cidade_046,8
Cidade_004,Cidade_047,1
Cidade_004,Cidade_048,2
Cidade_004,Cidade_049,91
Cidade_004,Cidade_050,20
Cidade_005,Cidade_006,1
Cidade_005,Cidade_007,58
Cidade_005,Cidade_008,15
Cidade_005,Cidade_009,67
Cidade_005,Cidade_010,41
Cidade_005,Cidade_011,19
Cidade_005,Cidade_012,28
Cidade_005,Cidade_013,28
Cidade_005,Cidade_014,85
Cidade_005,Cidade_015,50
Cidade_005,Cidade_016,42
Cidade_005,Cidade_017,87
Cidade_005,Cidade_018,62
Cidade_005,Cidade_019,61
Cidade_005,Cidade_020,57
Cidade_005,Cidade_021,70
Cidade_005,Cidade_022,42
Cidade_005,Cidade_023,36
Cidade_005,Cidade_024,43
Cidade_005,Cidade_025,54
Cidade_005,Cidade_026,90
Cidade_005,Cidade_027,11
Cidade_005,Cidade_028,16
Cidade_005,Cidade_029,59
Cidade_005,Cidade_030,87
Cidade_005,Cidade_031,100
Cidade_005,Cidade_032,75
Cidade_005,Cidade_033,47
Cidade_005,Cidade_034,52
Cidade_005,Cidade_035,63
Cidade_005,Cidade_036,74
Cidade_005,Cidade_037,85
Cidade_005,Cidade_038,20
Cidade_005,Cidade_039,48
Cidade_005,Cidade_040,39
Cidade_005,Cidade_041,2
Cidade_005,Cidade_042,17
Cidade_005,Cidade_043,71
Cidade_005,Cidade_044,36
Cidade_005,Cidade_045,30
Cidade_005,Cidade_046,60
Cidade_005,Cidade_047,50
Cidade_005,Cidade_048,31
Cidade_005,Cidade_049,60
Cidade_005,Cidade_050,10
Cidade_006,Cidade_007,41
Cidade_006,Cidade_008,15
Cidade_006,Cidade_009,25
Cidade_006,Cidade_010,86
Cidade_006,Cidade_011,94
Cidade_006,Cidade_012,49
Cidade_006,Cidade_013,14
Cidade_006,Cidade_014,47
Cidade_006,Cidade_015,62
Cidade_006,Cidade_016,56
Cidade_006,Cidade_017,48
Cidade_006,Cidade_018,17
Cidade_006,Cidade_019,86
Cidade_006,Cidade_020,89
Cidade_006,Cidade_021,24
Cidade_006,Cidade_022,11
Cidade_006,Cidade_023,48
Cidade_006,Cidade_024,40
Cidade_006,Cidade_025,9
Cidade_006,Cidade_026,60
Cidade_006,Cidade_027,43
Cidade_006,Cidade_028,53
Cidade_006,Cidade_029,28
Cidade_006,Cidade_030,77
Cidade_006,Cidade_031,94
Cidade_006,Cidade_032,94
Cidade_006,Cidade_033,3
Cidade_006,Cidade_034,59
Cidade_006,Cidade_035,38
Cidade_006,Cidade_036,39
Cidade_006,Cidade_037,70
Cidade_006,Cidade_038,77
Cidade_006,Cidade_039,24
Cidade_006,Cidade_040,61
Cidade_006,Cidade_041,5
Cidade_006,Cidade_042,88
Cidade_006,Cidade_043,49
Cidade_006,Cidade_044,45
Cidade_006,Cidade_045,33
Cidade_006,Cidade_046,37
Cidade_006,Cidade_047,4
Cidade_006,Cidade_048,17
Cidade_006,Cidade_049,97
Cidade_006,Cidade_050,49
Cidade_007,Cidade_008,32
Cidade_007,Cidade_009,23
Cidade_007,Cidade_010,90
Cidade_007,Cidade_011,2
Cidade_007,Cidade_012,21
Cidade_007,Cidade_013,37
Cidade_007,Cidade_014,37
Cidade_007,Cidade_015,13
Cidade_007,Cidade_016,100
Cidade_007,Cidade_017,64
Cidade_007,Cidade_018,38
Cidade_007,Cidade_019,91
Cidade_007,Cidade_020,50
Cidade_007,Cidade_021,45
Cidade_007,Cidade_022,19
Cidade_007,Cidade_023,12
Cidade_007,Cidade_024,83
Cidade_007,Cidade_025,85
Cidade_007,Cidade_026,8
Cidade_007,Cidade_027,67
Cidade_007,Cidade_028,48
Cidade_007,Cidade_029,49
Cidade_007,Cidade_030,55
Cidade_007,Cidade_031,74
Cidade_007,Cidade_032,55
Cidade_007,Cidade_033,20
Cidade_007,Cidade_034,91
Cidade_007,Cidade_035,90
Cidade_007,Cidade_036,16
Cidade_007,Cidade_037,67
Cidade_007,Cidade_038,43
Cidade_007,Cidade_039,76
Cidade_007,Cidade_040,22
Cidade_007,Cidade_041,94
Cidade_007,Cidade_042,55
Cidade_007,Cidade_043,9
Cidade_007,Cidade_044,91
Cidade_007,Cidade_045,79
Cidade_007,Cidade_046,53
Cidade_007,Cidade_047,85
Cidade_007,Cidade_048,14
Cidade_007,Cidade_049,92
Cidade_007,Cidade_050,70
Cidade_008,Cidade_009,75
Cidade_008,Cidade_010,99
Cidade_008,Cidade_011,50
Cidade_008,Cidade_012,84
Cidade_008,Cidade_013,26
Cidade_008,Cidade_014,48
Cidade_008,Cidade_015,81
Cidade_008,Cidade_016,82
Cidade_008,Cidade_017,11
Cidade_008,Cidade_018,42
Cidade_008,Cidade_019,68
Cidade_008,Cidade_020,3
Cidade_008,Cidade_021,21
Cidade_008,Cidade_022,66
Cidade_008,Cidade_023,33
Cidade_008,Cidade_024,60
Cidade_008,Cidade_025,69
Cidade_008,Cidade_026,57
Cidade_008,Cidade_027,25
Cidade_008,Cidade_028,7
Cidade_008,Cidade_029,28
Cidade_008,Cidade_030,58
Cidade_008,Cidade_031,42
Cidade_008,Cidade_032,38
Cidade_008,Cidade_033,15
Cidade_008,Cidade_034,71
Cidade_008,Cidade_035,78
Cidade_008,Cidade_036,57
Cidade_008,Cidade_037,12
Cidade_008,Cidade_038,65
Cidade_008,Cidade_039,17
Cidade_008,Cidade_040,16
Cidade_008,Cidade_041,2
Cidade_008,Cidade_042,48
Cidade_008,Cidade_043,2
Cidade_008,Cidade_044,17
Cidade_008,Cidade_045,64
Cidade_008,Cidade_046,25
Cidade_008,Cidade_047,71
Cidade_008,Cidade_048,63
Cidade_008,Cidade_049,39
Cidade_008,Cidade_050,10
Cidade_009,Cidade_010,71
Cidade_009,Cidade_011,81
Cidade_009,Cidade_012,69
Cidade_009,Cidade_013,92
Cidade_009,Cidade_014,82
Cidade_009,Cidade_015,77
Cidade_009,Cidade_016,72
Cidade_009,Cidade_017,65
Cidade_009,Cidade_018,25
Cidade_009,Cidade_019,92
Cidade_009,Cidade_020,48
Cidade_009,Cidade_021,63
Cidade_009,Cidade_022,19
Cidade_009,Cidade_023,27
Cidade_009,Cidade_024,77
Cidade_009,Cidade_025,67
Cidade_009,Cidade_026,52
Cidade_009,Cidade_027,38
Cidade_009,Cidade_028,69
Cidade_009,Cidade_029,57
Cidade_009,Cidade_030,42
Cidade_009,Cidade_031,65
Cidade_009,Cidade_032,43
Cidade_009,Cidade_033,59
Cidade_009,Cidade_034,49
Cidade_009,Cidade_035,19
Cidade_009,Cidade_036,38
Cidade_009,Cidade_037,75
Cidade_009,Cidade_038,90
Cidade_009,Cidade_039,50
Cidade_009,Cidade_040,53
Cidade_009,Cidade_041,23
Cidade_009,Cidade_042,82
Cidade_009,Cidade_043,46
Cidade_009,Cidade_044,30
Cidade_009,Cidade_045,72
Cidade_009,Cidade_046,58
Cidade_009,Cidade_047,7
Cidade_009,Cidade_048,77
Cidade_009,Cidade_049,48
Cidade_009,Cidade_050,52
Cidade_010,Cidade_011,75
Cidade_010,Cidade_012,22
Cidade_010,Cidade_013,2
Cidade_010,Cidade_014,17
Cidade_010,Cidade_015,86
Cidade_010,Cidade_016,48
Cidade_010,Cidade_017,23
Cidade_010,Cidade_018,45
Cidade_010,Cidade_019,6
Cidade_010,Cidade_020,57
Cidade_010,Cidade_021,93
Cidade_010,Cidade_022,54
Cidade_010,Cidade_023,52
Cidade_010,Cidade_024,49
Cidade_010,Cidade_025,32
Cidade_010,Cidade_026,18
Cidade_010,Cidade_027,28
Cidade_010,Cidade_028,82
Cidade_010,Cidade_029,43
Cidade_010,Cidade_030,49
Cidade_010,Cidade_031,21
Cidade_010,Cidade_032,35
Cidade_010,Cidade_033,96
Cidade_010,Cidade_034,62
Cidade_010,Cidade_035,58
Cidade_010,Cidade_036,34
Cidade_010,Cidade_037,13
Cidade_010,Cidade_038,32
Cidade_010,Cidade_039,44
Cidade_010,Cidade_040,100
Cidade_010,Cidade_041,50
Cidade_010,Cidade_042,68
Cidade_010,Cidade_043,72
Cidade_010,Cidade_044,67
Cidade_010,Cidade_045,88
Cidade_010,Cidade_046,71
Cidade_010,Cidade_047,81
Cidade_010,Cidade_048,40
Cidade_010,Cidade_049,79
Cidade_010,Cidade_050,32
Cidade_011,Cidade_012,97
Cidade_011,Cidade_013,99
Cidade_011,Cidade_014,12
Cidade_011,Cidade_015,72
Cidade_011,Cidade_016,89
Cidade_011,Cidade_017,92
Cidade_011,Cidade_018,99
Cidade_011,Cidade_019,72
Cidade_011,Cidade_020,10
Cidade_011,Cidade_021,20
Cidade_011,Cidade_022,94
Cidade_011,Cidade_023,27
Cidade_011,Cidade_024,38
Cidade_011,Cidade_025,19
Cidade_011,Cidade_026,21
Cidade_011,Cidade_027,35
Cidade_011,Cidade_028,91
Cidade_011,Cidade_029,87
Cidade_011,Cidade_030,84
Cidade_011,Cidade_031,54
Cidade_011,Cidade_032,32
Cidade_011,Cidade_033,26
Cidade_011,Cidade_034,38
Cidade_011,Cidade_035,97
Cidade_011,Cidade_036,64
Cidade_011,Cidade_037,98
Cidade_011,Cidade_038,12
Cidade_011,Cidade_039,42
Cidade_011,Cidade_040,85
Cidade_011,Cidade_041,21
Cidade_011,Cidade_042,4
Cidade_011,Cidade_043,61
Cidade_011,Cidade_044,96
Cidade_011,Cidade_045,13
Cidade_011,Cidade_046,5
Cidade_011,Cidade_047,92
Cidade_011,Cidade_048,42
Cidade_011,Cidade_049,87
Cidade_011,Cidade_050,40
Cidade_012,Cidade_013,7
Cidade_012,Cidade_014,90
Cidade_012,Cidade_015,69
Cidade_012,Cidade_016,50
Cidade_012,Cidade_017,78
Cidade_012,Cidade_018,11
Cidade_012,Cidade_019,91
Cidade_012,Cidade_020,8
Cidade_012,Cidade_021,14
Cidade_012,Cidade_022,44
Cidade_012,Cidade_023,62
Cidade_012,Cidade_024,22
Cidade_012,Cidade_025,69
Cidade_012,Cidade_026,69
Cidade_012,Cidade_027,81
Cidade_012,Cidade_028,69
Cidade_012,Cidade_029,2
Cidade_012,Cidade_030,64
Cidade_012,Cidade_031,78
Cidade_012,Cidade_032,79
Cidade_012,Cidade_033,30
Cidade_012,Cidade_034,92
Cidade_012,Cidade_035,88
Cidade_012,Cidade_036,29
Cidade_012,Cidade_037,17
Cidade_012,Cidade_038,8
Cidade_012,Cidade_039,85
Cidade_012,Cidade_040,73
Cidade_012,Cidade_041,69
Cidade_012,Cidade_042,24
Cidade_012,Cidade_043,3
Cidade_012,Cidade_044,2
Cidade_012,Cidade_045,63
Cidade_012,Cidade_046,62
Cidade_012,Cidade_047,73
Cidade_012,Cidade_048,43
Cidade_012,Cidade_049,34
Cidade_012,Cidade_050,33
Cidade_013,Cidade_014,19
Cidade_013,Cidade_015,74
Cidade_013,Cidade_016,2
Cidade_013,Cidade_017,15
Cidade_013,Cidade_018,2
Cidade_013,Cidade_019,15
Cidade_013,Cidade_020,81
Cidade_013,Cidade_021,24
Cidade_013,Cidade_022,20
Cidade_013,Cidade_023,50
Cidade_013,Cidade_024,51
Cidade_013,Cidade_025,20
Cidade_013,Cidade_026,62
Cidade_013,Cidade_027,77
Cidade_013,Cidade_028,15
Cidade_013,Cidade_029,33
Cidade_013,Cidade_030,22
Cidade_013,Cidade_031,4
Cidade_013,Cidade_032,74
Cidade_013,Cidade_033,16
Cidade_013,Cidade_034,75
Cidade_013,Cidade_035,9
Cidade_013,Cidade_036,100
Cidade_013,Cidade_037,49
Cidade_013,Cidade_038,62
Cidade_013,Cidade_039,35
Cidade_013,Cidade_040,40
Cidade_013,Cidade_041,3
Cidade_013,Cidade_042,15
Cidade_013,Cidade_043,62
Cidade_013,Cidade_044,25
Cidade_013,Cidade_045,99
Cidade_013,Cidade_046,57
Cidade_013,Cidade_047,31
Cidade_013,Cidade_048,43
Cidade_013,Cidade_049,24
Cidade_013,Cidade_050,6
Cidade_014,Cidade_015,19
Cidade_014,Cidade_016,41
Cidade_014,Cidade_017,8
Cidade_014,Cidade_018,89
Cidade_014,Cidade_019,57
Cidade_014,Cidade_020,95
Cidade_014,Cidade_021,58
Cidade_014,Cidade_022,33
Cidade_014,Cidade_023,4
Cidade_014,Cidade_024,10
Cidade_014,Cidade_025,35
Cidade_014,Cidade_026,71
Cidade_014,Cidade_027,36
Cidade_014,Cidade_028,41
Cidade_014,Cidade_029,6
Cidade_014,Cidade_030,19
Cidade_014,Cidade_031,98
Cidade_014,Cidade_032,76
Cidade_014,Cidade_033,35
Cidade_014,Cidade_034,95
Cidade_014,Cidade_035,100
Cidade_014,Cidade_036,75
Cidade_014,Cidade_037,76
Cidade_014,Cidade_038,86
Cidade_014,Cidade_039,69
Cidade_014,Cidade_040,53
Cidade_014,Cidade_041,66
Cidade_014,Cidade_042,93
Cidade_014,Cidade_043,58
Cidade_014,Cidade_044,23
Cidade_014,Cidade_045,87
Cidade_014,Cidade_046,84
Cidade_014,Cidade_047,98
Cidade_014,Cidade_048,10
Cidade_014,Cidade_049,20
Cidade_014,Cidade_050,10
Cidade_015,Cidade_016,82
Cidade_015,Cidade_017,57
Cidade_015,Cidade_018,42
Cidade_015,Cidade_019,79
Cidade_015,Cidade_020,5
Cidade_015,Cidade_021,52
Cidade_015,Cidade_022,39
Cidade_015,Cidade_023,95
Cidade_015,Cidade_024,44
Cidade_015,Cidade_025,38
Cidade_015,Cidade_026,99
Cidade_015,Cidade_027,4
Cidade_015,Cidade_028,74
Cidade_015,Cidade_029,75
Cidade_015,Cidade_030,59
Cidade_015,Cidade_031,51
Cidade_015,Cidade_032,55
Cidade_015,Cidade_033,32
Cidade_015,Cidade_034,37
Cidade_015,Cidade_035,92
Cidade_015,Cidade_036,66
Cidade_015,Cidade_037,88
Cidade_015,Cidade_038,34
Cidade_015,Cidade_039,21
Cidade_015,Cidade_040,84
Cidade_015,Cidade_041,2
Cidade_015,Cidade_042,45
Cidade_015,Cidade_043,1
Cidade_015,Cidade_044,56
Cidade_015,Cidade_045,71
Cidade_015,Cidade_046,48
Cidade_015,Cidade_047,3
Cidade_015,Cidade_048,54
Cidade_015,Cidade_049,64
Cidade_015,Cidade_050,83
Cidade_016,Cidade_017,95
Cidade_016,Cidade_018,68
Cidade_016,Cidade_019,100
Cidade_016,Cidade_020,23
Cidade_016,Cidade_021,29
Cidade_016,Cidade_022,87
Cidade_016,Cidade_023,95
Cidade_016,Cidade_024,36
Cidade_016,Cidade_025,35
Cidade_016,Cidade_026,35
Cidade_016,Cidade_027,43
Cidade_016,Cidade_028,90
Cidade_016,Cidade_029,32
Cidade_016,Cidade_030,5
Cidade_016,Cidade_031,26
Cidade_016,Cidade_032,97
Cidade_016,Cidade_033,61
Cidade_016,Cidade_034,83
Cidade_016,Cidade_035,80
Cidade_016,Cidade_036,14
Cidade_016,Cidade_037,43
Cidade_016,Cidade_038,86
Cidade_016,Cidade_039,90
Cidade_016,Cidade_040,64
Cidade_016,Cidade_041,100
Cidade_016,Cidade_042,19
Cidade_016,Cidade_043,30
Cidade_016,Cidade_044,66
Cidade_016,Cidade_045,19
Cidade_016,Cidade_046,72
Cidade_016,Cidade_047,90
Cidade_016,Cidade_048,7
Cidade_016,Cidade_049,84
Cidade_016,Cidade_050,82
Cidade_017,Cidade_018,13
Cidade_017,Cidade_019,20
Cidade_017,Cidade_020,56
Cidade_017,Cidade_021,5
Cidade_017,Cidade_022,63
Cidade_017,Cidade_023,82
Cidade_017,Cidade_024,98
Cidade_017,Cidade_025,87
Cidade_017,Cidade_026,91
Cidade_017,Cidade_027,20
Cidade_017,Cidade_028,73
Cidade_017,Cidade_029,23
Cidade_017,Cidade_030,61
Cidade_017,Cidade_031,33
Cidade_017,Cidade_032,67
Cidade_017,Cidade_033,72
Cidade_017,Cidade_034,25
Cidade_017,Cidade_035,23
Cidade_017,Cidade_036,63
Cidade_017,Cidade_037,61
Cidade_017,Cidade_038,91
Cidade_017,Cidade_039,88
Cidade_017,Cidade_040,81
Cidade_017,Cidade_041,12
Cidade_017,Cidade_042,25
Cidade_017,Cidade_043,76
Cidade_017,Cidade_044,60
Cidade_017,Cidade_045,32
Cidade_017,Cidade_046,6
Cidade_017,Cidade_047,66
Cidade_017,Cidade_048,11
Cidade_017,Cidade_049,28
Cidade_017,Cidade_050,80
Cidade_018,Cidade_019,31
Cidade_018,Cidade_020,46
Cidade_018,Cidade_021,61
Cidade_018,Cidade_022,11
Cidade_018,Cidade_023,65
Cidade_018,Cidade_024,20
Cidade_018,Cidade_025,78
Cidade_018,Cidade_026,69
Cidade_018,Cidade_027,82
Cidade_018,Cidade_028,37
Cidade_018,Cidade_029,21
Cidade_018,Cidade_030,5
Cidade_018,Cidade_031,24
Cidade_018,Cidade_032,36
Cidade_018,Cidade_033,28
Cidade_018,Cidade_034,98
Cidade_018,Cidade_035,17
Cidade_018,Cidade_036,87
Cidade_018,Cidade_037,31
Cidade_018,Cidade_038,35
Cidade_018,Cidade_039,4
Cidade_018,Cidade_040,80
Cidade_018,Cidade_041,96
Cidade_018,Cidade_042,72
Cidade_018,Cidade_043,34
Cidade_018,Cidade_044,75
Cidade_018,Cidade_045,59
Cidade_018,Cidade_046,25
Cidade_018,Cidade_047,40
Cidade_018,Cidade_048,57
Cidade_018,Cidade_049,34
Cidade_018,Cidade_050,82
Cidade_019,Cidade_020,35
Cidade_019,Cidade_021,71
Cidade_019,Cidade_022,96
Cidade_019,Cidade_023,42
Cidade_019,Cidade_024,69
Cidade_019,Cidade_025,18
Cidade_019,Cidade_026,4
Cidade_019,Cidade_027,79
Cidade_019,Cidade_028,78
Cidade_019,Cidade_029,50
Cidade_019,Cidade_030,9
Cidade_019,Cidade_031,86
Cidade_019,Cidade_032,68
Cidade_019,Cidade_033,94
Cidade_019,Cidade_034,33
Cidade_019,Cidade_035,91
Cidade_019,Cidade_036,29
Cidade_019,Cidade_037,77
Cidade_019,Cidade_038,20
Cidade_019,Cidade_039,33
Cidade_019,Cidade_040,59
Cidade_019,Cidade_041,54
Cidade_019,Cidade_042,67
Cidade_019,Cidade_043,85
Cidade_019,Cidade_044,58
Cidade_019,Cidade_045,87
Cidade_019,Cidade_046,6
Cidade_019,Cidade_047,98
Cidade_019,Cidade_048,97
Cidade_019,Cidade_049,49
Cidade_019,Cidade_050,53
Cidade_020,Cidade_021,2
Cidade_020,Cidade_022,89
Cidade_020,Cidade_023,14
Cidade_020,Cidade_024,82
Cidade_020,Cidade_025,72
Cidade_020,Cidade_026,5
Cidade_020,Cidade_027,67
Cidade_020,Cidade_028,18
Cidade_020,Cidade_029,41
Cidade_020,Cidade_030,38
Cidade_020,Cidade_031,56
Cidade_020,Cidade_032,20
Cidade_020,Cidade_033,96
Cidade_020,Cidade_034,76
Cidade_020,Cidade_035,24
Cidade_020,Cidade_036,60
Cidade_020,Cidade_037,92
Cidade_020,Cidade_038,88
Cidade_020,Cidade_039,100
Cidade_020,Cidade_040,82
Cidade_020,Cidade_041,28
Cidade_020,Cidade_042,31
Cidade_020,Cidade_043,26
Cidade_020,Cidade_044,94
Cidade_020,Cidade_045,48
Cidade_020,Cidade_046,90
Cidade_020,Cidade_047,76
Cidade_020,Cidade_048,2
Cidade_020,Cidade_049,19
Cidade_020,Cidade_050,69
Cidade_021,Cidade_022,55
Cidade_021,Cidade_023,1
Cidade_021,Cidade_024,9
Cidade_021,Cidade_025,61
Cidade_021,Cidade_026,37
Cidade_021,Cidade_027,32
Cidade_021,Cidade_028,31
Cidade_021,Cidade_029,58
Cidade_021,Cidade_030,15
Cidade_021,Cidade_031,25
Cidade_021,Cidade_032,35
Cidade_021,Cidade_033,26
Cidade_021,Cidade_034,85
Cidade_021,Cidade_035,12
Cidade_021,Cidade_036,61
Cidade_021,Cidade_037,29
Cidade_021,Cidade_038,37
Cidade_021,Cidade_039,99
Cidade_021,Cidade_040,46
Cidade_021,Cidade_041,62
Cidade_021,Cidade_042,27
Cidade_021,Cidade_043,17
Cidade_021,Cidade_044,67
Cidade_021,Cidade_045,83
Cidade_021,Cidade_046,93
Cidade_021,Cidade_047,7
Cidade_021,Cidade_048,27
Cidade_021,Cidade_049,49
Cidade_021,Cidade_050,78
Cidade_022,Cidade_023,76
Cidade_022,Cidade_024,43
Cidade_022,Cidade_025,83
Cidade_022,Cidade_026,90
Cidade_022,Cidade_027,98
Cidade_022,Cidade_028,10
Cidade_022,Cidade_029,88
Cidade_022,Cidade_030,99
Cidade_022,Cidade_031,7
Cidade_022,Cidade_032,43
Cidade_022,Cidade_033,16
Cidade_022,Cidade_034,19
Cidade_022,Cidade_035,30
Cidade_022,Cidade_036,67
Cidade_022,Cidade_037,72
Cidade_022,Cidade_038,99
Cidade_022,Cidade_039,9
Cidade_022,Cidade_040,92
Cidade_022,Cidade_041,71
Cidade_022,Cidade_042,7
Cidade_022,Cidade_043,42
Cidade_022,Cidade_044,25
Cidade_022,Cidade_045,92
Cidade_022,Cidade_046,33
Cidade_022,Cidade_047,72
Cidade_022,Cidade_048,28
Cidade_022,Cidade_049,31
Cidade_022,Cidade_050,18
Cidade_023,Cidade_024,24
Cidade_023,Cidade_025,23
Cidade_023,Cidade_026,19
Cidade_023,Cidade_027,89
Cidade_023,Cidade_028,82
Cidade_023,Cidade_029,20
Cidade_023,Cidade_030,90
Cidade_023,Cidade_031,7
Cidade_023,Cidade_032,72
Cidade_023,Cidade_033,97
Cidade_023,Cidade_034,40
Cidade_023,Cidade_035,4
Cidade_023,Cidade_036,14
Cidade_023,Cidade_037,42
Cidade_023,Cidade_038,7
Cidade_023,Cidade_039,68
Cidade_023,Cidade_040,42
Cidade_023,Cidade_041,38
Cidade_023,Cidade_042,88
Cidade_023,Cidade_043,20
Cidade_023,Cidade_044,31
Cidade_023,Cidade_045,24
Cidade_023,Cidade_046,98
Cidade_023,Cidade_047,80
Cidade_023,Cidade_048,23
Cidade_023,Cidade_049,52
Cidade_023,Cidade_050,33
Cidade_024,Cidade_025,86
Cidade_024,Cidade_026,72
Cidade_024,Cidade_027,88
Cidade_024,Cidade_028,96
Cidade_024,Cidade_029,38
Cidade_024,Cidade_030,74
Cidade_024,Cidade_031,45
Cidade_024,Cidade_032,70
Cidade_024,Cidade_033,75
Cidade_024,Cidade_034,43
Cidade_024,Cidade_035,91
Cidade_024,Cidade_036,42
Cidade_024,Cidade_037,53
Cidade_024,Cidade_038,47
Cidade_024,Cidade_039,100
Cidade_024,Cidade_040,98
Cidade_024,Cidade_041,18
Cidade_024,Cidade_042,33
Cidade_024,Cidade_043,57
Cidade_024,Cidade_044,12
Cidade_024,Cidade_045,1
Cidade_024,Cidade_046,57
Cidade_024,Cidade_047,27
Cidade_024,Cidade_048,92
Cidade_024,Cidade_049,92
Cidade_024,Cidade_050,97
Cidade_025,Cidade_026,2
Cidade_025,Cidade_027,74
Cidade_025,Cidade_028,51
Cidade_025,Cidade_029,68
Cidade_025,Cidade_030,45
Cidade_025,Cidade_031,40
Cidade_025,Cidade_032,67
Cidade_025,Cidade_033,37
Cidade_025,Cidade_034,75
Cidade_025,Cidade_035,28
Cidade_025,Cidade_036,15
Cidade_025,Cidade_037,12
Cidade_025,Cidade_038,67
Cidade_025,Cidade_039,36
Cidade_025,Cidade_040,64
Cidade_025,Cidade_041,64
Cidade_025,Cidade_042,95
Cidade_025,Cidade_043,9
Cidade_025,Cidade_044,99
Cidade_025,Cidade_045,82
Cidade_025,Cidade_046,14
Cidade_025,Cidade_047,13
Cidade_025,Cidade_048,36
Cidade_025,Cidade_049,25
Cidade_025,Cidade_050,59
Cidade_026,Cidade_027,10
Cidade_026,Cidade_028,55
Cidade_026,Cidade_029,95
Cidade_026,Cidade_030,53
Cidade_026,Cidade_031,47
Cidade_026,Cidade_032,8
Cidade_026,Cidade_033,18
Cidade_026,Cidade_034,92
Cidade_026,Cidade_035,54
Cidade_026,Cidade_036,82
Cidade_026,Cidade_037,33
Cidade_026,Cidade_038,13
Cidade_026,Cidade_039,1
Cidade_026,Cidade_040,77
Cidade_026,Cidade_041,81
Cidade_026,Cidade_042,64
Cidade_026,Cidade_043,34
Cidade_026,Cidade_044,100
Cidade_026,Cidade_045,35
Cidade_026,Cidade_046,27
Cidade_026,Cidade_047,96
Cidade_026,Cidade_048,64
Cidade_026,Cidade_049,84
Cidade_026,Cidade_050,56
Cidade_027,Cidade_028,38
Cidade_027,Cidade_029,52
Cidade_027,Cidade_030,87
Cidade_027,Cidade_031,57
Cidade_027,Cidade_032,58
Cidade_027,Cidade_033,29
Cidade_027,Cidade_034,4
Cidade_027,Cidade_035,62
Cidade_027,Cidade_036,80
Cidade_027,Cidade_037,88
Cidade_027,Cidade_038,79
Cidade_027,Cidade_039,96
Cidade_027,Cidade_040,41
Cidade_027,Cidade_041,90
Cidade_027,Cidade_042,38
Cidade_027,Cidade_043,58
Cidade_027,Cidade_044,100
Cidade_027,Cidade_045,66
Cidade_027,Cidade_046,41
Cidade_027,Cidade_047,23
Cidade_027,Cidade_048,4
Cidade_027,Cidade_049,56
Cidade_027,Cidade_050,72
Cidade_028,Cidade_029,52
Cidade_028,Cidade_030,16
Cidade_028,Cidade_031,96
Cidade_028,Cidade_032,7
Cidade_028,Cidade_033,3
Cidade_028,Cidade_034,3
Cidade_028,Cidade_035,61
Cidade_028,Cidade_036,32
Cidade_028,Cidade_037,4
Cidade_028,Cidade_038,56
Cidade_028,Cidade_039,31
Cidade_028,Cidade_040,87
Cidade_028,Cidade_041,73
Cidade_028,Cidade_042,10
Cidade_028,Cidade_043,3
Cidade_028,Cidade_044,43
Cidade_028,Cidade_045,17
Cidade_028,Cidade_046,18
Cidade_028,Cidade_047,53
Cidade_028,Cidade_048,40
Cidade_028,Cidade_049,9
Cidade_028,Cidade_050,52
Cidade_029,Cidade_030,78
Cidade_029,Cidade_031,94
Cidade_029,Cidade_032,52
Cidade_029,Cidade_033,78
Cidade_029,Cidade_034,3
Cidade_029,Cidade_035,14
Cidade_029,Cidade_036,90
Cidade_029,Cidade_037,37
Cidade_029,Cidade_038,82
Cidade_029,Cidade_039,85
Cidade_029,Cidade_040,20
Cidade_029,Cidade_041,19
Cidade_029,Cidade_042,52
Cidade_029,Cidade_043,57
Cidade_029,Cidade_044,17
Cidade_029,Cidade_045,43
Cidade_029,Cidade_046,86
Cidade_029,Cidade_047,41
Cidade_029,Cidade_048,81
Cidade_029,Cidade_049,32
Cidade_029,Cidade_050,61
Cidade_030,Cidade_031,99
Cidade_030,Cidade_032,62
Cidade_030,Cidade_033,94
Cidade_030,Cidade_034,24
Cidade_030,Cidade_035,25
Cidade_030,Cidade_036,18
Cidade_030,Cidade_037,32
Cidade_030,Cidade_038,19
Cidade_030,Cidade_039,12
Cidade_030,Cidade_040,30
Cidade_030,Cidade_041,96
Cidade_030,Cidade_042,90
Cidade_030,Cidade_043,74
Cidade_030,Cidade_044,51
Cidade_030,Cidade_045,27
Cidade_030,Cidade_046,18
Cidade_030,Cidade_047,30
Cidade_030,Cidade_048,86
Cidade_030,Cidade_049,16
Cidade_030,Cidade_050,65
Cidade_031,Cidade_032,73
Cidade_031,Cidade_033,57
Cidade_031,Cidade_034,40
Cidade_031,Cidade_035,95
Cidade_031,Cidade_036,32
Cidade_031,Cidade_037,51
Cidade_031,Cidade_038,92
Cidade_031,Cidade_039,13
Cidade_031,Cidade_040,49
Cidade_031,Cidade_041,7
Cidade_031,Cidade_042,49
Cidade_031,Cidade_043,61
Cidade_031,Cidade_044,61
Cidade_031,Cidade_045,43
Cidade_031,Cidade_046,83
Cidade_031,Cidade_047,29
Cidade_031,Cidade_048,2
Cidade_031,Cidade_049,18
Cidade_031,Cidade_050,41
Cidade_032,Cidade_033,29
Cidade_032,Cidade_034,67
Cidade_032,Cidade_035,99
Cidade_032,Cidade_036,91
Cidade_032,Cidade_037,36
Cidade_032,Cidade_038,76
Cidade_032,Cidade_039,88
Cidade_032,Cidade_040,49
Cidade_032,Cidade_041,5
Cidade_032,Cidade_042,35
Cidade_032,Cidade_043,63
Cidade_032,Cidade_044,6
Cidade_032,Cidade_045,64
Cidade_032,Cidade_046,71
Cidade_032,Cidade_047,77
Cidade_032,Cidade_048,28
Cidade_032,Cidade_049,57
Cidade_032,Cidade_050,23
Cidade_033,Cidade_034,28
Cidade_033,Cidade_035,6
Cidade_033,Cidade_036,27
Cidade_033,Cidade_037,28
Cidade_033,Cidade_038,90
Cidade_033,Cidade_039,49
Cidade_033,Cidade_040,55
Cidade_033,Cidade_041,45
Cidade_033,Cidade_042,100
Cidade_033,Cidade_043,69
Cidade_033,Cidade_044,10
Cidade_033,Cidade_045,87
Cidade_033,Cidade_046,2
Cidade_033,Cidade_047,99
Cidade_033,Cidade_048,40
Cidade_033,Cidade_049,48
Cidade_033,Cidade_050,41
Cidade_034,Cidade_035,64
Cidade_034,Cidade_036,68
Cidade_034,Cidade_037,35
Cidade_034,Cidade_038,77
Cidade_034,Cidade_039,75
Cidade_034,Cidade_040,94
Cidade_034,Cidade_041,81
Cidade_034,Cidade_042,2
Cidade_034,Cidade_043,32
Cidade_034,Cidade_044,65
Cidade_034,Cidade_045,86
Cidade_034,Cidade_046,60
Cidade_034,Cidade_047,81
Cidade_034,Cidade_048,72
Cidade_034,Cidade_049,39
Cidade_034,Cidade_050,55
Cidade_035,Cidade_036,92
Cidade_035,Cidade_037,73
Cidade_035,Cidade_038,62
Cidade_035,Cidade_039,75
Cidade_035,Cidade_040,22
Cidade_035,Cidade_041,83
Cidade_035,Cidade_042,54
Cidade_035,Cidade_043,84
Cidade_035,Cidade_044,81
Cidade_035,Cidade_045,14
Cidade_035,Cidade_046,87
Cidade_035,Cidade_047,2
Cidade_035,Cidade_048,14
Cidade_035,Cidade_049,51
Cidade_035,Cidade_050,55
Cidade_036,Cidade_037,97
Cidade_036,Cidade_038,99
Cidade_036,Cidade_039,92
Cidade_036,Cidade_040,3
Cidade_036,Cidade_041,67
Cidade_036,Cidade_042,18
Cidade_036,Cidade_043,41
Cidade_036,Cidade_044,37
Cidade_036,Cidade_045,90
Cidade_036,Cidade_046,11
Cidade_036,Cidade_047,92
Cidade_036,Cidade_048,11
Cidade_036,Cidade_049,32
Cidade_036,Cidade_050,9
Cidade_037,Cidade_038,91
Cidade_037,Cidade_039,29
Cidade_037,Cidade_040,93
Cidade_037,Cidade_041,74
Cidade_037,Cidade_042,16
Cidade_037,Cidade_043,36
Cidade_037,Cidade_044,14
Cidade_037,Cidade_045,86
Cidade_037,Cidade_046,80
Cidade_037,Cidade_047,50
Cidade_037,Cidade_048,81
Cidade_037,Cidade_049,65
Cidade_037,Cidade_050,34
Cidade_038,Cidade_039,76
Cidade_038,Cidade_040,4
Cidade_038,Cidade_041,48
Cidade_038,Cidade_042,57
Cidade_038,Cidade_043,80
Cidade_038,Cidade_044,29
Cidade_038,Cidade_045,53
Cidade_038,Cidade_046,40
Cidade_038,Cidade_047,44
Cidade_038,Cidade_048,10
Cidade_038,Cidade_049,99
Cidade_038,Cidade_050,60
Cidade_039,Cidade_040,42
Cidade_039,Cidade_041,21
Cidade_039,Cidade_042,1
Cidade_039,Cidade_043,13
Cidade_039,Cidade_044,8
Cidade_039,Cidade_045,87
Cidade_039,Cidade_046,74
Cidade_039,Cidade_047,89
Cidade_039,Cidade_048,74
Cidade_039,Cidade_049,71
Cidade_039,Cidade_050,11
Cidade_040,Cidade_041,91
Cidade_040,Cidade_042,43
Cidade_040,Cidade_043,81
Cidade_040,Cidade_044,95
Cidade_040,Cidade_045,15
Cidade_040,Cidade_046,11
Cidade_040,Cidade_047,82
Cidade_040,Cidade_048,20
Cidade_040,Cidade_049,23
Cidade_040,Cidade_050,60
Cidade_041,Cidade_042,70
Cidade_041,Cidade_043,23
Cidade_041,Cidade_044,58
Cidade_041,Cidade_045,56
Cidade_041,Cidade_046,8
Cidade_041,Cidade_047,37
Cidade_041,Cidade_048,81
Cidade_041,Cidade_049,88
Cidade_041,Cidade_050,68
Cidade_042,Cidade_043,53
Cidade_042,Cidade_044,64
Cidade_042,Cidade_045,4
Cidade_042,Cidade_046,28
Cidade_042,Cidade_047,63
Cidade_042,Cidade_048,39
Cidade_042,Cidade_049,9
Cidade_042,Cidade_050,30
Cidade_043,Cidade_044,18
Cidade_043,Cidade_045,88
Cidade_043,Cidade_046,16
Cidade_043,Cidade_047,17
Cidade_043,Cidade_048,24
Cidade_043,Cidade_049,4
Cidade_043,Cidade_050,52
Cidade_044,Cidade_045,41
Cidade_044,Cidade_046,57
Cidade_044,Cidade_047,5
Cidade_044,Cidade_048,49
Cidade_044,Cidade_049,53
Cidade_044,Cidade_050,10
Cidade_045,Cidade_046,11
Cidade_045,Cidade_047,78
Cidade_045,Cidade_048,50
Cidade_045,Cidade_049,32
Cidade_045,Cidade_050,45
Cidade_046,Cidade_047,36
Cidade_046,Cidade_048,21
Cidade_046,Cidade_049,47
Cidade_046,Cidade_050,47
Cidade_047,Cidade_048,81
Cidade_047,Cidade_049,82
Cidade_047,Cidade_050,68
Cidade_048,Cidade_049,99
Cidade_048,Cidade_050,100
Cidade_049,Cidade_050,39
